"Pass []","re(Mode(1)) [g]"
1,3.58423775144431
2,5.30886698782698
3,6.01550051608233
4,6.13616120196199
5,6.22488283407055
6,6.26717882095048
7,6.29951109799994
8,6.31787654090186
9,6.32788902201426
10,6.33387599888743
11,
12,
13,
14,
15,
16,
17,
18,
19,
20,
