"Pass []","re(Mode(1)) [g]"
1,3.71369860915263
2,5.30570465848254
3,5.75053447198073
4,5.91111157597666
5,6.01997593913954
6,6.06393386505643
7,6.10011896527923
8,6.12410853613672
9,6.13629524119401
10,6.1463263968306
11,6.14882969694202
12,
13,
14,
15,
16,
17,
18,
19,
20,
