"Pass []","re(Mode(1)) [g]"
1,3.49310744691874
2,5.45781424975077
3,5.93548944784575
4,6.07904948198063
5,6.13724614272255
6,6.17555360266543
7,6.19987859160114
8,6.21584372494774
9,6.22858583002315
10,6.23575717703528
11,6.24122919731434
12,
13,
14,
15,
16,
17,
18,
19,
20,
