"Pass []","re(Mode(1)) [g]"
1,5.95563497489573
2,6.95595346623616
3,6.72452506485919
4,7.02026515501613
5,7.15958814351159
6,7.33877800139234
7,7.4619754503842
8,7.53561699177967
9,7.57476756435533
10,7.58124244586986
11,
12,
13,
14,
15,
16,
17,
18,
19,
20,
