"Pass []","re(Mode(1)) [g]"
1,5.68455457465272
2,6.11330931360565
3,6.39473544190707
4,7.55189278989049
5,8.26234439640243
6,8.70416554390504
7,8.97015936501755
8,9.29983622104918
9,9.48146476419156
10,9.64094563288946
