"Pass []","re(Mode(1)) [g]"
1,6.71549326457414
2,6.91708296860422
3,6.70765446640301
4,6.61002573588726
5,6.54003358296219
6,6.51347881612636
7,6.48309267780726
8,6.4620507526051
9,6.44760310127594
10,6.42959596682541
11,4.94048189881507
12,1.34448927417656
13,1.36104362614368
14,4.05932365332178
15,6.38570007914586
16,6.37271855228088
17,1.07550342808832
18,3.04449272791281
19,
20,
